DEBUG,2021-11-25 18:46:14,403,socket_raw_receive
DEBUG,2021-11-25 18:46:14,403,socket_response
DEBUG,2021-11-25 18:46:14,404,message
DEBUG,2021-11-25 18:46:14,422,command_completion
DEBUG,2021-11-25 18:46:15,894,socket_raw_receive
DEBUG,2021-11-25 18:46:15,895,socket_response
DEBUG,2021-11-25 18:46:15,896,message
DEBUG,2021-11-25 18:46:15,896,command
DEBUG,2021-11-25 18:46:16,035,socket_raw_receive
DEBUG,2021-11-25 18:46:16,036,socket_response
DEBUG,2021-11-25 18:46:16,036,message
DEBUG,2021-11-25 18:46:16,065,command_completion
DEBUG,2021-11-25 18:46:24,420,socket_raw_receive
DEBUG,2021-11-25 18:46:24,420,socket_response
DEBUG,2021-11-25 18:47:05,673,socket_raw_receive
DEBUG,2021-11-25 18:47:05,674,socket_response
DEBUG,2021-11-25 18:47:05,683,socket_raw_receive
DEBUG,2021-11-25 18:47:05,684,socket_response
DEBUG,2021-11-25 18:47:05,684,typing
DEBUG,2021-11-25 18:47:06,231,socket_raw_receive
DEBUG,2021-11-25 18:47:06,231,socket_response
DEBUG,2021-11-25 18:47:06,231,message
DEBUG,2021-11-25 18:47:06,232,command
DEBUG,2021-11-25 18:47:06,359,socket_raw_receive
DEBUG,2021-11-25 18:47:06,359,socket_response
DEBUG,2021-11-25 18:47:06,360,message
DEBUG,2021-11-25 18:47:06,382,command_completion
DEBUG,2021-11-25 18:47:06,760,socket_raw_receive
DEBUG,2021-11-25 18:47:06,761,socket_response
DEBUG,2021-11-25 18:47:06,761,typing
DEBUG,2021-11-25 18:47:07,462,socket_raw_receive
DEBUG,2021-11-25 18:47:07,463,socket_response
DEBUG,2021-11-25 18:47:07,463,message
DEBUG,2021-11-25 18:47:19,809,socket_raw_receive
DEBUG,2021-11-25 18:47:19,809,socket_response
DEBUG,2021-11-25 18:47:19,810,typing
DEBUG,2021-11-25 18:47:21,270,socket_raw_receive
DEBUG,2021-11-25 18:47:21,271,socket_response
DEBUG,2021-11-25 18:47:21,271,message
DEBUG,2021-11-25 18:47:21,271,command
DEBUG,2021-11-25 18:47:21,348,socket_raw_receive
DEBUG,2021-11-25 18:47:21,349,socket_response
DEBUG,2021-11-25 18:47:21,349,message
