DEBUG,2021-11-01 18:13:23,308,socket_raw_receive
DEBUG,2021-11-01 18:13:23,309,socket_response
DEBUG,2021-11-01 18:13:23,309,message
DEBUG,2021-11-01 18:13:23,335,command_completion
DEBUG,2021-11-01 18:13:58,656,socket_raw_receive
DEBUG,2021-11-01 18:13:58,657,socket_response
DEBUG,2021-11-01 18:14:39,908,socket_raw_receive
DEBUG,2021-11-01 18:14:39,908,socket_response
DEBUG,2021-11-01 18:15:21,160,socket_raw_receive
DEBUG,2021-11-01 18:15:21,160,socket_response
DEBUG,2021-11-01 18:15:35,450,socket_raw_receive
DEBUG,2021-11-01 18:15:35,451,socket_response
DEBUG,2021-11-01 18:15:35,451,typing
DEBUG,2021-11-01 18:15:36,770,socket_raw_receive
DEBUG,2021-11-01 18:15:36,771,socket_response
DEBUG,2021-11-01 18:15:36,772,message
DEBUG,2021-11-01 18:15:36,772,command
DEBUG,2021-11-01 18:15:36,924,socket_raw_receive
DEBUG,2021-11-01 18:15:36,924,socket_response
DEBUG,2021-11-01 18:15:36,924,message
