DEBUG,2021-11-25 18:46:14,421,Finished,has returned 200
DEBUG,2021-11-25 18:46:14,422,Loggy,Finished,887360283071373325
DEBUG,2021-11-25 18:46:16,063,https://discord.com/api/v7/channels/887360283071373325/messages with <aiohttp.formdata.FormData object at 0x7f8e17f424f0> has returned 200
DEBUG,2021-11-25 18:46:16,065,Loggy,,887360283071373325
DEBUG,2021-11-25 18:47:06,382,Hello Herteg,has returned 200
DEBUG,2021-11-25 18:47:06,382,Loggy,Hello Herteg,887360283071373325
DEBUG,2021-11-25 18:47:21,381,Producing and consuming has started...,has returned 200
DEBUG,2021-11-25 18:47:21,381,Loggy,Producing and consuming has started...,887360283071373325
