DEBUG,2021-11-25 18:46:14,403,MESSAGE_CREATE,Loggy,Finished
DEBUG,2021-11-25 18:46:15,895,MESSAGE_CREATE,Herteg,$file
DEBUG,2021-11-25 18:46:16,036,MESSAGE_CREATE,Loggy,
DEBUG,2021-11-25 18:46:24,420,miscellaneous
DEBUG,2021-11-25 18:47:05,674,miscellaneous
DEBUG,2021-11-25 18:47:05,684,TYPING_START,Herteg
DEBUG,2021-11-25 18:47:06,231,MESSAGE_CREATE,Herteg,$hello
DEBUG,2021-11-25 18:47:06,359,MESSAGE_CREATE,Loggy,Hello Herteg
DEBUG,2021-11-25 18:47:06,761,TYPING_START,Parker🍁
DEBUG,2021-11-25 18:47:07,462,MESSAGE_CREATE,Parker🍁,probably
DEBUG,2021-11-25 18:47:19,809,TYPING_START,Herteg
DEBUG,2021-11-25 18:47:21,271,MESSAGE_CREATE,Herteg,$produce_consume
DEBUG,2021-11-25 18:47:21,349,MESSAGE_CREATE,Loggy,Producing and consuming has started...
